{
  "project_info": {
    "project_number": "347054304983",
    "firebase_url": "https://eventi-884d6.firebaseio.com",
    "project_id": "eventi-884d6",
    "storage_bucket": "eventi-884d6.appspot.com"
  },
  "client": [
    {
      "client_info": {
        "mobilesdk_app_id": "1:347054304983:android:4f5469afe8434861854a92",
        "android_client_info": {
          "package_name": "com.example.event"
        }
      },
      "oauth_client": [
        {
          "client_id": "347054304983-72svpcspc3snanjqsn0gjkfu11b2o1aa.apps.googleusercontent.com",
          "client_type": 3
        }
      ],
      "api_key": [
        {
          "current_key": "AIzaSyDwMvQBsEmhQjsTK--grMdL8X-UtfVooHE"
        }
      ],
      "services": {
        "appinvite_service": {
          "other_platform_oauth_client": [
            {
              "client_id": "347054304983-72svpcspc3snanjqsn0gjkfu11b2o1aa.apps.googleusercontent.com",
              "client_type": 3
            }
          ]
        }
      }
    }
  ],
  "configuration_version": "1"
}